INSERT INTO ITEMS(I_ITEMID, I_NAME, I_ORIGIN, I_PRICE,I_ITEMS) 
VALUES
(1, 'burger','American',5.09, '{"gluten",   "beef", "tomato","lettuce","mayo"}'),
(2, 'cheese burger','American',6.09, '{"gluten", "american cheese",  "beef", "tomato","lettuce","mayo"}'),
(3, 'bacon cheese burger','American',7.09, '{"gluten", "bacon","american cheese",  "beef", "tomato","lettuce","mayo"}'),
(4, 'taco','Mexican', 2.09,'{"chicken","halibit","beef", "onion","tomato","hot sauce",  "cilantro"}'),
(5, 'burrito','Mexican', 5.49,'{"chicken","halibit","beef", "onion","tomato","hot sauce",  "cilantro"}'),
(6, 'fajitas','Mexican', 5.99,'{"chicken","peppers","beef", "onion","tomato","hot sauce",  "cilantro"}'),
(7, 'elote','Mexican', 5.99,'{"corn","mayo","cheese","hot sauce","butter"}'),
(8, 'burger','American',12.09, '{"gluten",   "beef", "tomato","lettuce","mayo"}'),
(9, 'cheese burger','American',15.09, '{"gluten", "american cheese",  "beef", "tomato","lettuce","mayo"}'),
(10, 'bacon grilled cheese','American',4.99, '{"potato bread", "bacon","american cheese"}'),
(11, 'garlic butter steak', 'American', 17.99,'{"garlic","beef","garlic","thyme"}'),
(12, 'curry','Japanesse',10.09, '{"carrot", "onion","potato","rice"}'),
(13, 'california roll','Japanese American',6.09, '{"rice", "imitation crab","cucumber",  "seawed", "avocado","spicy mayo"}'),
(14, 'spicy tuna roll','Japanesse', 7.09,'{"tuna","rice","seawed", "spicy mayo"}'),
(15, 'softshell crab roll','Japanesse', 10.49,'{"softshell crab","rice","seawed", "spicy mayo"}'),
(16, 'BLT','American', 5.99,'{"Bacon","lettuce","tomato", "onion","mayo",  "sour dough bread"}'),
(17, 'black coffe','varies', 1.99,'{"coffee beans","water"}'),
(18, 'fries','American',2.99, '{"potatoes","canola oil"}'),
(19, 'chicken caeser salad','American',10.09, '{"chicken", "tomato","lettuce","caeser dressing","parmesan cheese", "croutons"}'),
(20, 'grilled cheese','American',3.99, '{"potato bread", "butter","american cheese"}');

INSERT INTO SUPPLIER(S_SUPPID , S_MAINADDRESS, S_CONTACTINFO   ) 
VALUES
(1, '348 Lees Creek Drive Louisville, KY 40207','999-432-9873'),
(2,'7 Alderwood St. Suitland, MD 20746','900-234-9217'),
(3, '764 Market St. Ballston Spa, NY 12020','923-499-1234'),
(4,'45 Littleton St. Potomac, MD 20854','956-129-8989'),
(5,'642 Pheasant Drive Woburn, MA 01801','917-999-3457'),
(6, '7 Squaw Creek Ave. Methuen, MA 01844','999-937-2356'),
(7,'7 Gonzales St. Zeeland, MI 49464','926-009-9334'),
(8, '558 Cactus Street West Roxbury, MA 02132','998-000-7295'),
(9,'7622 High Noon Road Peabody, MA 01960','000-126-0089'),
(10,'7431 Woodland St. Klamath Falls, OR 97603','999-999-9658'),
(11, '8828 Maiden Dr. South Plainfield, NJ 07080','999-381-9999'),
(12,'37 Piper St. Willingboro, NJ 08046','900-825-4567'),
(13, '8872 Taylor St. Parkville, MD 21234','998-499-1111'),
(14,'827 S. Cherry Lane Rowlett, TX 75088','345-129-8989'),
(15,'220 Arcadia St. Bountiful, UT 84010','464-009-9900'),
(16, '7807 Morris Road Vista, CA 92083','123-999-0000'),
(17,'978 Gates Lane Wake Forest, NC 27587','900-009-9900'),
(18, '8967 Hamilton Road Fairburn, GA 30213','998-499-9900'),
(19,'941 Peachtree St. Berwyn, IL 60402','000-129-8989'),
(20,'969 Addison Rd. Newark, NJ 07103','999-123-7800');
INSERT INTO RESTRAUNT( R_RESTRAUNTID,R_SUPPID, R_NAME, R_ADDRESS,R_CONTACTINFO,R_DININGTYPE,R_PARENTCOMPANY ) 
VALUES
(1, 1,'McDonalds','1325 W Broadway Rd, Tempe, AZ 85282','+14809661746', 'Fast Food','pc1'),
(2, 2,'Burger Rush','790 W Broadway Rd, Tempe, AZ 85282','+14809664000', 'Casual','pc2'),
(3, 3,'Rositas Fine Mexican Food','960 W University Dr, Tempe, AZ 85281','+14809660852', 'Fine Dining','pc1'),
(4, 4,'Tasty Thai Restaurant','510 W Broadway Rd, Tempe, AZ 85282','+14805579999', 'Fast Food','pc3'),
(5, 5, 'Market Cafe','2000 W Westcourt Way, Tempe, AZ 85282','+16022259000', 'Cafe','pc2'),
(6, 6,'Perfect Pear Bistro','603 W University Dr, Tempe, AZ 85281','+14809667327', 'Casual','pc1'),
(7, 7,'Filibertos Mexican Food','1250 W Broadway Rd, Tempe, AZ 85282','+14808041903', 'Fast Food','pc4'),
(8, 8,'Jack in the Box','1350 W Broadway Rd, Tempe, AZ 85282','+14802479933', 'Fast Food','pc4'),
(9, 9,'Dennys','1343 W Broadway Rd, Tempe, AZ 85282','+14809663136', 'Casual','pc3'),
(10, 10, 'Master taco Tempe','1537 W Broadway Rd #105, Tempe, AZ 85282','+14805974700', 'Casual','pc4'),
(11, 11,'Top of the Rock Restaurant','2000 W Westcourt Way, Tempe, AZ 85282','+16024312370', 'Fine Dining','pc1'),
(12, 12,'Phillys Sports Grill','1402 S Priest Dr, Tempe, AZ 85281','+14809686612', 'Bar','pc2'),
(13, 13,'Hummus Xpress','930 W Broadway Rd UNIT 11, Tempe, AZ 85282','+14809682311', 'Fast Food','pc1'),
(14, 14,'Kalos grill','1537 W Broadway Rd #104, Tempe, AZ 85282','+14805903484', 'Casual Nice','pc3'),
(15, 15, 'Milagros','2100 S Priest Dr, Tempe, AZ 85282','+14808045223', 'Casual Nice','pc2'),
(16, 16,'Illegal Petes','525 S Mill Ave, Tempe, AZ 85281','+16232334311', 'Casual','pc1'),
(17, 17,'Taco Bell','1336 W University Dr, Tempe, AZ 85281','+14805901809', 'Fast Food','pc4'),
(18, 18,'Chilis Grill & Bar','400 W University Dr, Tempe, AZ 85281','+14809672082', 'Casual','pc4'),
(19, 19,'Arbys','525 W Broadway Rd, Tempe, AZ 85282','+14809667085', 'Fast Food','pc3'),
(20, 20, 'Mellow Mushroom Tempe','740 S Mill Ave, Tempe, AZ 85281','+14809676355', 'Casual','pc4');;

INSERT INTO RATING(RA_RESTRAUNTID,RA_RATINGID,RA_MEDIANPRICERATING,RA_MEANPRICERATING,RA_GOOGLERATING ) 
VALUES
(1,1, 3.5,5.09, 3.00),
(2,2, 3.0, 2.09,3.77),
(3,3, 3.2,3.09,1.09),
(4,5,3.9, 17.99,2.09),
(5,4,4.5,10.09, 5.00),
(6,8, 3.5,5.09, 3.00),
(7,7, 3.0, 2.09,3.77),
(8,6, 3.2,3.09,1.09),
(9,9,3.9, 17.99,2.09),
(10,10,5,10.09, 5.00),
(11,11, 3.5,5.09, 3.00),
(12,12, 3.0, 2.09,3.77),
(13,13, 3.2,3.09,1.09),
(14,15,3.9, 17.99,2.09),
(15,14,4.5,10.09, 5.00),
(16,16, 3.5,5.09, 3.00),
(17,17, 3.0, 2.09,3.77),
(18,18, 3.2,3.09,1.09),
(19,20,3.9, 17.99,2.09),
(20, 19,4.5,10.09, 5.00);

INSERT INTO MENU(M_RESTRAUNTID, M_ITEMID)
VALUES
(1,1),(1,2),(1,3),(1,4),(1,5),(1,6),(1,7),(1,8),(1,9),(1,11),(1,12),(1,13),(1,14),(1,15),(1,18),(1,19),(1,20),
(2,1),(2,2),(2,3),(2,4),(2,5),(2,6),(2,7),(2,8),(2,9),(2,10),(2,11),(2,12),(2,13),(2,14),(2,17),(2,18),(2,20),
(3,1),(3,2),(3,3),(3,4),(3,5),(3,6),(3,7),(3,9),(3,10),(3,11),(3,14),(3,15),(3,16),(3,17),(3,18),(3,19),(3,20),
(4,1),(4,2),(4,3),(4,4),(4,5),(4,6),(4,7),(4,8),(4,9),(4,10),(4,11),(4,12),(4,13),(4,14),(4,17),(4,18),(4,19),(4,20),
(5,1),(5,3),(5,4),(5,5),(5,6),(5,7),(5,8),(5,9),(5,10),(5,11),(5,12),(5,13),(5,14),(5,15),(5,16),(5,17),(5,19),(5,20),
(6,1),(6,2),(6,3),(6,4),(6,5),(6,6),(6,7),(6,8),(6,9),(6,10),(6,11),(6,12),(6,13),(6,14),(6,15),(6,17),(6,18),(6,19),
(7,1),(7,2),(7,3),(7,4),(7,5),(7,6),(7,7),(7,8),(7,9),(7,10),(7,11),(7,12),(7,16),(7,17),(7,18),(7,19),(7,20),
(8,1),(8,2),(8,3),(8,7),(8,8),(8,9),(8,10),(8,11),(8,12),(8,13),(8,14),(8,15),(8,19),(8,20),
(9,1),(9,2),(9,3),(9,4),(9,5),(9,7),(9,8),(9,9),(9,10),(9,11),(9,12),(9,13),(9,14),(9,15),(9,16),(9,17),(9,18),(9,19),(9,20),
(10,1),(10,2),(10,3),(10,4),(10,6),(10,7),(10,8),(10,9),(10,10),(10,11),(10,12),(10,13),(10,14),(10,15),(10,16),(10,17),(10,18),(10,19),(10,20),
(11,1),(11,2),(11,3),(11,4),(11,5),(11,6),(11,7),(11,9),(11,10),(11,11),(11,12),(11,14),(11,15),(11,16),(11,17),(11,18),(11,20),
(12,1),(12,2),(12,3),(12,4),(12,5),(12,6),(12,8),(12,9),(12,10),(12,11),(12,12),(12,13),(12,15),(12,16),(12,17),(12,19),(12,20),
(13,1),(13,2),(13,3),(13,4),(13,5),(13,6),(13,7),(13,8),(13,9),(13,10),(13,11),(13,12),(13,13),(13,16),(13,17),(13,18),(13,19),(13,20),
(14,2),(14,3),(14,4),(14,5),(14,6),(14,7),(14,8),(14,9),(14,10),(14,11),(14,12),(14,13),(14,14),(14,15),(14,16),(14,17),(14,18),(14,19),(14,20),
(15,1),(15,2),(15,3),(15,4),(15,5),(15,6),(15,7),(15,8),(15,9),(15,10),(15,11),(15,12),(15,13),(15,14),(15,17),(15,18),(15,20),
(16,2),(16,3),(16,4),(16,5),(16,6),(16,7),(16,8),(16,9),(16,10),(16,11),(16,12),(16,13),(16,14),(16,15),(16,16),(16,17),(16,18),(16,19),(16,20),
(17,1),(17,2),(17,3),(17,4),(17,5),(17,6),(17,7),(17,8),(17,9),(17,10),(17,11),(17,12),(17,13),(17,14),(17,15),(17,19),(17,20),
(18,1),(18,2),(18,3),(18,4),(18,5),(18,6),(18,7),(18,8),(18,9),(18,10),(18,11),(18,12),(18,13),(18,15),(18,16),(18,17),(18,20),
(19,1),(19,2),(19,3),(19,4),(19,5),(19,6),(19,7),(19,8),(19,9),(19,10),(19,11),(19,12),(19,13),(19,14),(19,15),(19,16),(19,17),(19,18),
(20,4),(20,5),(20,6),(20,7),(20,8),(20,9),(20,10),(20,11),(20,12),(20,13),(20,14),(20,15),(20,16),(20,17),(20,18),(20,19),(20,20)
;

